{
  "duration_seconds": 0.0027327537536621094,
  "cycles": 20,
  "modules_operational": 5,
  "code_generated": 20,
  "episodes": 20,
  "improvements": 20,
  "timestamp": "2026-03-21T17:59:38.597036"
}